User,Borrowing in USD,Risk adjusted collateral in USD,Health factor,Collateral,Borrowings
0x3bc6af96c742680064e2fd89635cf60e7b3b38269ea5e7fd6ce1d34116049b7,273.2059473319400056232220120,93.94900000000000090949470177,1.342876116721996907304156539,ETH: 0.0500,USDC: 273.3672
0x580fddc7b514522ebe23f6444db215d8017e71bdc5dc0719893a19564ed613f,106.9368700000000022010127054,105.4204312270600021698008231,1.984819308411214953271028038,USDC: 105.4827,USDC: 107.0000
0x4a07e14a1b4caef2cda3ae6aede021615589c502e52ab3f1c8fdeed02ece6ff,196.9446430000000047844110895,0E-58,Infinity,USDT: 99.0000,USDT: 197.0000
0x724102a5654d669ba7ce25e420e733ddb409b753598ab0883ad476cf9faed7b,166.4307209059300034255363121,56.19251566252565552024445193,Infinity,ETH: 0.0300,USDC: 166.5290
0x19629f075c1223d6f11a4428e9977a754dea1a8a789250b0879b2526a8840db,159.9550400000000038858161133,0E-58,Infinity,USDT: 99.3051,USDT: 160.0000
0x19629f075c1223d6f11a4428e9977a754dea1a8a789250b0879b2526a8840db,199.8820000000000041140424401,0E-59,Infinity,USDC: 90.2871,USDC: 200.0000
0x26ddbeb90324ae616aa7ae09855b8d8ce7dfaebfdac2bff5da0f178fe407eb1,109.9351000000000022627233420,0E-59,Infinity,ETH: 0.0500,USDC: 110.0000
0x66ad18aedc139f8ab23235fa5f1c9928a2e7df5ad0c5e3e51b3243a4fe71311,107.9362800000000022215829176,0E-59,Infinity,USDC: 110.8813,USDC: 108.0000
0x3b025d144d686211a98ca84da00dd1f8e04e3d2d34d0dda043d958c33f25c1f,110.1382794444030026756087270,0E-59,Infinity,ETH: 0.0200,USDT: 110.1692
