User,Protocol,Borrowing in USD,Risk adjusted collateral in USD,Health factor,Standardized health factor,Collateral,Borrowings
0x724102a5654d669ba7ce25e420e733ddb409b753598ab0883ad476cf9faed7b,Hashstack,166.5066581176180054157788257,48.90236380191304767373890386,0.2936961461767438318420232673,0.2824001405545613767711762186,"ETH: 0.0300, USDC: 0.0000",USDC: 166.5290
0x3bc6af96c742680064e2fd89635cf60e7b3b38269ea5e7fd6ce1d34116049b7,Hashstack,273.3306027906440088903237129,81.76050000000000181898940355,1.298126769557496740045368744,1.248198816882208403889777639,"ETH: 0.0500, USDC: 273.0939",USDC: 273.3672
0x68657ee536b6f60861c49cbf2a2c5c9b99cda5855b527b07857154faf4df8b,Hashstack,199.9732000000000065043082031,68.24483182321300094153448956,1.333518979281228678251935506,1.282229787770412190626861064,"DAI: 68.2685, USDC: 198.4498",USDC: 200.0000
0x580fddc7b514522ebe23f6444db215d8017e71bdc5dc0719893a19564ed613f,Hashstack,106.9856620000000034798048887,105.4685313227560034304588488,1.984819308411214953271028037,1.890304103248776145972407655,USDC: 212.3757,USDC: 107.0000
