User,Protocol,Borrowing in USD,Risk adjusted collateral in USD,Health factor,Standardized health factor,Collateral,Borrowings
0x724102a5654d669ba7ce25e420e733ddb409b753598ab0883ad476cf9faed7b,Hashstack,166.4178981750090044679879497,48.99895973459458706623335579,0.2944332326746857488462277176,0.2831088775718132200444497284,"ETH: 0.0300, USDC: 0.0000",USDC: 166.5290
0x3bc6af96c742680064e2fd89635cf60e7b3b38269ea5e7fd6ce1d34116049b7,Hashstack,273.1848980549220073344685034,81.92200000000000272848410532,1.298877485238492397499856166,1.248920658883165766826784775,"ETH: 0.0500, USDC: 273.0939",USDC: 273.3672
0x68657ee536b6f60861c49cbf2a2c5c9b99cda5855b527b07857154faf4df8b,Hashstack,199.8666000000000053660187405,68.23056370232399993596983379,1.333629609318005099922225972,1.282336162805774134540601896,"DAI: 68.2685, USDC: 198.4498",USDC: 200.0000
0x580fddc7b514522ebe23f6444db215d8017e71bdc5dc0719893a19564ed613f,Hashstack,106.9286310000000028708200261,105.4123090617780028301098127,1.984819308411214953271028038,1.890304103248776145972407655,USDC: 212.3757,USDC: 107.0000
