User,Protocol,Borrowing in USD,Risk adjusted collateral in USD,Health factor,Collateral,Borrowings
0x724102a5654d669ba7ce25e420e733ddb409b753598ab0883ad476cf9faed7b,Hashstack,166.3504539409440063493705875,48.06679403128697934600554807,0.2889489802555702582533038877,"ETH: 0.0300, USDC: 0.0000",USDC: 166.5290
0x3bc6af96c742680064e2fd89635cf60e7b3b38269ea5e7fd6ce1d34116049b7,Hashstack,273.0741843251520104228702301,80.36349999999999909050529823,1.293291825616366475493439566,"ETH: 0.0500, USDC: 273.0939",USDC: 273.3672
0x289bba50d28486a2ecea655cbfcb72a474d9a77fec44754f9102cc164c6a15c,Hashstack,100.000000000000000000,48.21809999999999945430317894,1.306961996819216662197470007,ETH: 0.0813,DAI: 100.0000
0x68657ee536b6f60861c49cbf2a2c5c9b99cda5855b527b07857154faf4df8b,Hashstack,199.7856000000000076255446402,68.268521000000000000,1.333958006958980013545938245,"DAI: 68.2685, USDC: 198.4498",USDC: 200.0000
0x580fddc7b514522ebe23f6444db215d8017e71bdc5dc0719893a19564ed613f,Hashstack,106.8852960000000040796663825,105.3695885820480040218138917,1.984819308411214953271028037,USDC: 212.3757,USDC: 107.0000
