User,Protocol,Borrowing in USD,Risk adjusted collateral in USD,Health factor,Standardized health factor,Collateral,Borrowings
0x724102a5654d669ba7ce25e420e733ddb409b753598ab0883ad476cf9faed7b,Hashstack,166.5101552260509950468756468,51.54215419751658711674445193,0.3095436078811165994339393059,0.2976380845010736533018647172,"ETH: 0.0300, USDC: 0.0000",USDC: 166.5290
0x3bc6af96c742680064e2fd89635cf60e7b3b38269ea5e7fd6ce1d34116049b7,Hashstack,273.3363435025579918691511772,86.17400000000000090949470177,1.314267260583542224125466244,1.263718519791867523197563696,"ETH: 0.0500, USDC: 273.0939",USDC: 273.3672
0x68657ee536b6f60861c49cbf2a2c5c9b99cda5855b527b07857154faf4df8b,Hashstack,199.9773999999999940513362162,68.268521000000000000,1.333630271073461311281984206,1.282336799109097414694215583,"DAI: 68.2685, USDC: 198.4498",USDC: 200.0000
0x289bba50d28486a2ecea655cbfcb72a474d9a77fec44754f9102cc164c6a15c,Hashstack,100.000000000000000000,51.70440000000000054569682106,1.401458910001420783210029993,1.334722771429924555438123803,ETH: 0.0813,DAI: 100.0000
0x580fddc7b514522ebe23f6444db215d8017e71bdc5dc0719893a19564ed613f,Hashstack,106.9879089999999968174648757,105.4707464587419968625954247,1.984819308411214953271028037,1.890304103248776145972407654,USDC: 212.3757,USDC: 107.0000
