User,Protocol,Borrowing in USD,Risk adjusted collateral in USD,Health factor,Standardized health factor,Collateral,Borrowings
0x724102a5654d669ba7ce25e420e733ddb409b753598ab0883ad476cf9faed7b,Hashstack,166.4433771078779975944333946,48.66640655458879034289441825,0.2923901653536284882530333527,0.2811443897631043156279166853,"ETH: 0.0300, USDC: 0.0000",USDC: 166.5290
0x3bc6af96c742680064e2fd89635cf60e7b3b38269ea5e7fd6ce1d34116049b7,Hashstack,273.2267232417239960511190500,81.36599999999999681676854379,1.296796640345077545368644252,1.246919846485651485931388703,"ETH: 0.0500, USDC: 273.0939",USDC: 273.3672
0x68657ee536b6f60861c49cbf2a2c5c9b99cda5855b527b07857154faf4df8b,Hashstack,199.8971999999999971109332364,68.20066209012599655934872001,1.333427766290243172715959474,1.282142082971387666073037955,"DAI: 68.2685, USDC: 198.4498",USDC: 200.0000
0x580fddc7b514522ebe23f6444db215d8017e71bdc5dc0719893a19564ed613f,Hashstack,106.9450019999999984543492815,105.4284479096759984762676776,1.984819308411214953271028037,1.890304103248776145972407654,USDC: 212.3757,USDC: 107.0000
