User,Protocol,Borrowing in USD,Risk adjusted collateral in USD,Health factor,Collateral,Borrowings
0x3bc6af96c742680064e2fd89635cf60e7b3b38269ea5e7fd6ce1d34116049b7,Hashstack,273.3647736948939899520112373,91.52250000000000227373675443,1.333799904892454648966291817,ETH: 0.0500,USDC: 273.3672
0x580fddc7b514522ebe23f6444db215d8017e71bdc5dc0719893a19564ed613f,Hashstack,106.9990369999999960670677979,105.4817166560059961228394965,1.984819308411214953271028037,USDC: 105.4827,USDC: 107.0000
0x4a07e14a1b4caef2cda3ae6aede021615589c502e52ab3f1c8fdeed02ece6ff,Hashstack,196.8760870000000018364971766,0E-54,Infinity,USDT: 99.0000,USDT: 197.0000
0x724102a5654d669ba7ce25e420e733ddb409b753598ab0883ad476cf9faed7b,Hashstack,166.5274742392429938789985000,54.74118420338166862161112982,Infinity,ETH: 0.0300,USDC: 166.5290
0x19629f075c1223d6f11a4428e9977a754dea1a8a789250b0879b2526a8840db,Hashstack,159.8993600000000014915713109,0E-54,Infinity,USDT: 99.3051,USDT: 160.0000
0x19629f075c1223d6f11a4428e9977a754dea1a8a789250b0879b2526a8840db,Hashstack,199.9981999999999926487248558,0E-59,Infinity,USDC: 90.2871,USDC: 200.0000
0x26ddbeb90324ae616aa7ae09855b8d8ce7dfaebfdac2bff5da0f178fe407eb1,Hashstack,109.9990099999999959567986707,0E-60,Infinity,ETH: 0.0500,USDC: 110.0000
0x66ad18aedc139f8ab23235fa5f1c9928a2e7df5ad0c5e3e51b3243a4fe71311,Hashstack,107.9990279999999960303114221,0E-59,Infinity,USDC: 110.8813,USDC: 108.0000
0x3b025d144d686211a98ca84da00dd1f8e04e3d2d34d0dda043d958c33f25c1f,Hashstack,110.0999405499270010270329578,0E-60,Infinity,ETH: 0.0200,USDT: 110.1692
