User,Loan ID,Borrowing in USD,Risk adjusted collateral in USD,Health factor,Collateral,Borrowings
0x3bc6af96c742680064e2fd89635cf60e7b3b38269ea5e7fd6ce1d34116049b7,124,272.9533560077239958083201721,93.50249999999999772626324557,1.341558529417750778931387136,ETH50000000000000000.0000,USDC273367234.0000
0x580fddc7b514522ebe23f6444db215d8017e71bdc5dc0719893a19564ed613f,89,106.8380019999999983593141906,105.3229652436759983825802500,1.984819308411214953271028037,USDC105482666.0000,USDC107000000.0000
0x4a07e14a1b4caef2cda3ae6aede021615589c502e52ab3f1c8fdeed02ece6ff,60,196.9933020000000042371013365,0E-59,Infinity,USDT99000000.0000,USDT197000000.0000
0x724102a5654d669ba7ce25e420e733ddb409b753598ab0883ad476cf9faed7b,117,166.2768481348779974465259546,55.92545631922963444688887018,Infinity,ETH30000000000000000.0000,USDC166528973.0000
0x19629f075c1223d6f11a4428e9977a754dea1a8a789250b0879b2526a8840db,98,159.9945600000000034413005778,0E-59,Infinity,USDT99305060.0000,USDT160000000.0000
0x19629f075c1223d6f11a4428e9977a754dea1a8a789250b0879b2526a8840db,125,199.6971999999999969332975525,0E-58,Infinity,USDC90287131.0000,USDC200000000.0000
0x26ddbeb90324ae616aa7ae09855b8d8ce7dfaebfdac2bff5da0f178fe407eb1,93,109.8334599999999983133136539,0E-60,Infinity,ETH50000000000000000.0000,USDC110000000.0000
0x66ad18aedc139f8ab23235fa5f1c9928a2e7df5ad0c5e3e51b3243a4fe71311,99,107.8364879999999983439806783,0E-58,Infinity,USDC110881274.0000,USDC108000000.0000
0x3b025d144d686211a98ca84da00dd1f8e04e3d2d34d0dda043d958c33f25c1f,122,110.1654912459420023695341184,0E-60,Infinity,ETH20000000000000000.0000,USDT110169237.0000
