User,Health factor,Borrowing in USD,Risk adjusted collateral in USD,Collateral,Borrowings
0x7855a0fd8c099d93d3860ef69f9b95b2d1b5ca9a1cc3ff8b85dcdeeed82e2d1,0.9948538520332321984654260295,159.614300,158.7929011945879340955200499,DAI: 226.6204,USDC: 159.6143
0x777638fe599f804f6b6587a225562b2ad72fdce787c32fd89208f504610dd5f,0.9949572724345149492927226061,141.842067,141.1267960987937225500799625,DAI: 201.4083,USDC: 141.8421
0x2eec410561810ce003ba69979d7d659d0bd0aa8537ae80f22db09fdea485879,0.9952152503337318338500978568,118.191543,117.6260260540750303909626964,DAI: 167.8693,USDC: 118.1915
0x43d53ae55d41bc5fc28dfe75ae54d820414d16a7595b713ef6f50545b06bb66,0.9965204109576548313278660841,192.160401,191.4917617743077464075501092,DAI: 273.2864,USDC: 192.1604
0x5c2079804f4b70af15f7bbef01a64e95b31a6eb05f3270b56978c5ae8f43ece,0.9967453944600044711542446912,112.484707,112.1186136494330261564751659,ETH: 0.0755,USDC: 112.4847
0x6f4f07926a8bba076a80d063c26b452184bc54f0b59582281b5fce2349b0e4b,0.9986668003771895762300432816,103.452690,103.3147669127132763009580363,ETH: 0.0696,USDC: 103.4527
