User,Protocol,Health factor,Borrowing in USD,Risk adjusted collateral in USD,Collateral,Borrowings
0x7855a0fd8c099d93d3860ef69f9b95b2d1b5ca9a1cc3ff8b85dcdeeed82e2d1,zkLend,0.9939703841318321189684505468,159.5078372619000042824666252,158.5460662752485120045560463,DAI: 226.6204,USDC: 159.6143
0x777638fe599f804f6b6587a225562b2ad72fdce787c32fd89208f504610dd5f,zkLend,0.9940737126918814097338395351,141.7474583413110038056359485,140.9074221779848238028896030,DAI: 201.4083,USDC: 141.8421
