User,Protocol,Health factor,Borrowing in USD,Risk adjusted collateral in USD,Collateral,Borrowings
0x7855a0fd8c099d93d3860ef69f9b95b2d1b5ca9a1cc3ff8b85dcdeeed82e2d1,zkLend,0.9948538520332321984654260295,159.614300,158.7929011945879340955200499,DAI: 226.6204,USDC: 159.6143
0x777638fe599f804f6b6587a225562b2ad72fdce787c32fd89208f504610dd5f,zkLend,0.9949572724345149492927226061,141.842067,141.1267960987937225500799625,DAI: 201.4083,USDC: 141.8421
0x2eec410561810ce003ba69979d7d659d0bd0aa8537ae80f22db09fdea485879,zkLend,0.9952152503337318338500978568,118.191543,117.6260260540750303909626964,DAI: 167.8693,USDC: 118.1915
0x43d53ae55d41bc5fc28dfe75ae54d820414d16a7595b713ef6f50545b06bb66,zkLend,0.9965204109576548313278660841,192.160401,191.4917617743077464075501092,DAI: 273.2864,USDC: 192.1604
0x3a6dbeae176a35ca69354a0ae52538f6672b79875d8228f60e1f5bd6f5a1c45,zkLend,0.9981018301604675397926289870,107.8475863786497688517007390,107.6428733429194440787144799,DAI: 153.6219,ETH: 0.0579
0x38326edfd87eb0311001ecda1c41b2db8e6d04a3afdc6d46f9c9d388298b14a,zkLend,0.9984730017041227996807630124,138.9600407911625702029145150,138.7478490456794387150036541,DAI: 198.0132,ETH: 0.0747
0x745c36cb9cbc20a170e8c898d153e9500f1c44fe5c4e10f1f5e60a726351b8a,zkLend,0.9984978940776938974953482540,105.1977464092863757334254237,105.0397282513917311389827265,DAI: 149.9068,ETH: 0.0565
0x5c2079804f4b70af15f7bbef01a64e95b31a6eb05f3270b56978c5ae8f43ece,zkLend,0.9994892230252637233695249835,112.484707,112.4272524016544435209500705,ETH: 0.0755,USDC: 112.4847
