User,Protocol,Health factor,Borrowing in USD,Risk adjusted collateral in USD,Collateral,Borrowings
0x7855a0fd8c099d93d3860ef69f9b95b2d1b5ca9a1cc3ff8b85dcdeeed82e2d1,zkLend,0.9936482714923327774731494343,159.5929116838000051909030041,158.5792208370363953420440932,DAI: 226.6204,USDC: 159.6143
0x777638fe599f804f6b6587a225562b2ad72fdce787c32fd89208f504610dd5f,zkLend,0.9937515665670431240464013936,141.8230601630220046129225997,140.9368882123351234732117916,DAI: 201.4083,USDC: 141.8421
