Protocol,User,Health factor,Borrowing in USD,Risk adjusted collateral in USD,Collateral,Borrowings
zkLend,0x7855a0fd8c099d93d3860ef69f9b95b2d1b5ca9a1cc3ff8b85dcdeeed82e2d1,0.9950100686140045600922886524,159.5892405549000059496345116,158.7929011945879340955200499,DAI: 226.6204,USDC: 159.6143
zkLend,0x777638fe599f804f6b6587a225562b2ad72fdce787c32fd89208f504610dd5f,0.9951135052548399220675597381,141.8197977954810052871732484,141.1267960987937225500799625,DAI: 201.4083,USDC: 141.8421
zkLend,0x2eec410561810ce003ba69979d7d659d0bd0aa8537ae80f22db09fdea485879,0.9953715236629468794076197237,118.1729869277490044055982654,117.6260260540750303909626964,DAI: 167.8693,USDC: 118.1915
zkLend,0x5c2079804f4b70af15f7bbef01a64e95b31a6eb05f3270b56978c5ae8f43ece,0.9965098710004287510067070228,112.4670469010010041928755431,112.0745223991156808186930367,ETH: 0.0755,USDC: 112.4847
zkLend,0x43d53ae55d41bc5fc28dfe75ae54d820414d16a7595b713ef6f50545b06bb66,0.9966768892292637885914722201,192.1302318170430071627927671,191.4917617743077464075501092,DAI: 273.2864,USDC: 192.1604
zkLend,0x6f4f07926a8bba076a80d063c26b452184bc54f0b59582281b5fce2349b0e4b,0.9984308229038091473474194288,103.4364479276700038562064599,103.2741378226705663010485610,ETH: 0.0696,USDC: 103.4527
